{
  "udc_scalar": -0.10407971264463804,
  "udc_per_layer": [
    -0.5141005731406327,
    0.043091158903635636,
    0.08510285449130277,
    0.4016219353582642,
    -0.4470919374304043,
    0.050455576185369035,
    -0.10394842275818912,
    -0.3154412543137889,
    -0.2842656899920147,
    -0.04685426994575603,
    -0.4719050990389063,
    -0.23059622042711275,
    -0.44474290601363514,
    -0.2885224341303528,
    -0.47915411051997225,
    0.006209949518436735,
    -0.13238691679782208,
    -0.13875768593075463,
    -0.19731987881578947,
    0.07190552403878626,
    0.17834240847051525,
    -0.1508048555552945,
    -0.0486349221033441,
    0.1920141128641208,
    -0.20617319301541454,
    -0.251925644302021,
    0.09401624511819003,
    0.18073133926195525,
    -0.15524814151598681,
    -0.0019964014845745837,
    -0.05725850859689704,
    0.005068129869910745,
    -0.08996673707723371,
    0.20982633890771682
  ],
  "udc_per_token": [
    -0.12111338318437755,
    -0.0907485837460477,
    -0.10597618763525084,
    -0.09296316751298553,
    -0.11570050727496929,
    -0.09404150952343514,
    -0.10801464963540035
  ],
  "udc_matrix": [
    [
      -0.46955733196457944,
      0.007637252348429613,
      0.0989932873767747,
      0.4535070743562204,
      -0.4760239988538054,
      0.0708479012121784,
      -0.07395667988038356,
      -0.31095096219045393,
      -0.27171347864697487,
      -0.09148157913629446,
      -0.4236634345301639,
      -0.27359222232480873,
      -0.43920637768045756,
      -0.32585665336549513,
      -0.47865298346337554,
      0.013727774156955632,
      -0.15738724309637234,
      -0.10626036615174285,
      -0.20180119458204165,
      0.014102558278419912,
      0.08021492431162011,
      -0.18118128614193363,
      -0.12064113405244722,
      0.13253090248235075,
      -0.2719626152332142,
      -0.23743387434925525,
      0.16276546887722776,
      0.21674629746308027,
      -0.2099851244436426,
      0.026292944350221642,
      -0.10269060640851045,
      -0.10813501464357177,
      -0.17151806091790273,
      0.1084308085751115
    ],
    [
      -0.5782893943992506,
      0.11583742396642388,
      0.09202157885978937,
      0.4522041668013817,
      -0.4428675725797969,
      0.13378743730323597,
      -0.09303030111595885,
      -0.2664165329453655,
      -0.24359550469627014,
      -0.12181210848863293,
      -0.47906868118904333,
      -0.22899058018637147,
      -0.44044695677396883,
      -0.30424688949280293,
      -0.47487387993880104,
      0.024693270057178685,
      -0.12350047060128991,
      -0.1536333295102294,
      -0.18376731990290607,
      0.08434216714716071,
      0.21608733973745736,
      -0.13749548232399508,
      0.010149742708736814,
      0.22618034981164395,
      -0.13866328106012402,
      -0.3454341730778312,
      0.07715106420091535,
      0.20029675677257888,
      -0.2770187718315736,
      0.024430033643646907,
      -0.06178537074458574,
      0.08879465173808984,
      -0.015262335037457284,
      0.27877110578239317
    ],
    [
      -0.6070292485337506,
      0.011130393671198906,
      0.015038486057541059,
      0.43497178154587834,
      -0.4302069642755237,
      -0.03957738176938897,
      -0.1384525600967914,
      -0.23725425939239,
      -0.3648366209385492,
      -0.0294221299506075,
      -0.37592834502536265,
      -0.13234497180365357,
      -0.4467450085578673,
      -0.19335993572925278,
      -0.530574063608513,
      0.022216959381998812,
      -0.12199562660090733,
      -0.16487801952014255,
      -0.17794955238552398,
      0.07767939310159419,
      0.21611718493569038,
      -0.13046499041220463,
      -0.024569448221121736,
      0.23127589637467202,
      -0.07720951454070989,
      -0.21304132059804987,
      -0.0028543817587145855,
      0.028505429718186676,
      -0.21250388358979025,
      0.028422291173401157,
      -0.056078041690077005,
      -0.008128227366902307,
      -0.08063765971573769,
      0.12749396052284273
    ],
    [
      -0.40011229798907466,
      0.014249702452119263,
      0.11691397014168661,
      0.3516095937262367,
      -0.40808307308688624,
      0.011734182453883435,
      -0.11452504906778509,
      -0.3927788221386507,
      -0.20934479195549416,
      -0.08600822636150236,
      -0.4582213125076341,
      -0.2585736790364305,
      -0.39962197303628566,
      -0.3103347687711679,
      -0.46536158842321484,
      -0.00631300197532136,
      -0.12303813255574668,
      -0.14535472701908778,
      -0.20095795926553955,
      0.0718432514166697,
      0.2071942157517232,
      -0.2160472155061774,
      -0.008527385269792463,
      0.1755094686783198,
      -0.2047706891255484,
      -0.20603362760440488,
      0.022961964489116776,
      0.25869129495319143,
      -0.09797033401198955,
      -0.005249844763686576,
      0.020307609427627164,
      0.05054538206381844,
      -0.06607949047123926,
      0.3209996589467595
    ],
    [
      -0.5584635457599059,
      0.10248833090343558,
      0.066373239178524,
      0.357750720964375,
      -0.4608400304214174,
      0.07541678384556204,
      -0.10227750411975006,
      -0.3278375468910433,
      -0.2839448635132994,
      0.01651642998942323,
      -0.5299246121174667,
      -0.23775125445448264,
      -0.39305996453484593,
      -0.2537411172525105,
      -0.4772820900941521,
      -0.01575958497398549,
      -0.09606746311714044,
      -0.15939284410202878,
      -0.24678957273979732,
      0.11277703215824576,
      0.19181404420094528,
      -0.1781704905683234,
      -0.11087217496590164,
      0.21039167967230632,
      -0.25604460064936924,
      -0.28860755008245315,
      0.10710180876964052,
      0.040594765974859726,
      -0.19109341875293095,
      -0.026951159833952954,
      -0.04724756416891241,
      0.016198340411280033,
      -0.1126548959093281,
      0.12353342560544435
    ],
    [
      -0.4688235429825226,
      -0.01659681232092438,
      0.07327147022533007,
      0.3616491359721845,
      -0.44038827879516923,
      0.025669963438765032,
      -0.07263838072116614,
      -0.34347167936377343,
      -0.29606159340311966,
      -0.015782727383853657,
      -0.5261282615483148,
      -0.25438394445675,
      -0.47161814865163504,
      -0.34211090592184,
      -0.4559711444920958,
      -0.024009530739702148,
      -0.15794968123137254,
      -0.16273037445463287,
      -0.21139529758922165,
      0.056855316443752864,
      0.17808327059721077,
      -0.11415697055502638,
      -0.0778827320614065,
      0.20231140203935358,
      -0.2984924308943444,
      -0.32551199248024204,
      0.19921523152195303,
      0.44498967684794444,
      -0.012200136743941742,
      -0.026090291947616383,
      0.004868536315822783,
      0.07589653006895333,
      -0.036776778942695494,
      0.33094978041330175
    ],
    [
      -0.5164286503553454,
      0.06689182130476658,
      0.13310794959947364,
      0.3996610741415731,
      -0.4712336440002313,
      0.07531014681334727,
      -0.1327584843054887,
      -0.3293789772748454,
      -0.32036297679039516,
      1.045171117546425e-05,
      -0.5104010463543587,
      -0.2285368907272923,
      -0.522501912860386,
      -0.29000676837939987,
      -0.47136302361965376,
      0.02891376072193301,
      -0.14676980038192539,
      -0.07905414075741823,
      -0.15857825524549593,
      0.08573894972566075,
      0.15888587975895954,
      -0.09811755337940098,
      -0.008101322861475952,
      0.16589909099019898,
      -0.1960692196045916,
      -0.1474169719219106,
      0.0917725597271913,
      0.07529515310384546,
      -0.08596532123803902,
      -0.03482878301403588,
      -0.15818412290964365,
      -0.07969475318229235,
      -0.14683793854627547,
      0.17860563250816464
    ]
  ],
  "tle_scalar": 0.7493591460561504,