{
  "udc_scalar": -0.11486180497290766,
  "udc_per_layer": [
    -0.5162666291492932,
    0.05567993006280507,
    0.0865390008029614,
    0.39930375917289734,
    -0.45217786552571815,
    0.054171916563544066,
    -0.10134856520512547,
    -0.31976103486134383,
    -0.2992529345849891,
    -0.03354561822645188,
    -0.5023648046668906,
    -0.21787441024628848,
    -0.463388018710611,
    -0.29692871583209196,
    -0.46170958572682713,
    -0.020653447964371963,
    -0.10825358882487801,
    -0.07686054159602132,
    -0.19815665090292706,
    0.07005165534046673,
    0.16356404092598842,
    -0.16775024895540572,
    -0.0754577392016258,
    0.12244712687244504,
    -0.20552325221352025,
    -0.14690711934490877,
    0.07738746801568276,
    0.1227810471405338,
    -0.1092545487262965,
    -0.053654203682301185,
    -0.09564326371609776,
    -0.07656053504049389,
    -0.12523234418325063,
    0.06729835311154449
  ],
  "udc_per_token": [
    -0.11226392215886895,
    -0.10348538115659194,
    -0.1108710814955779,
    -0.11497217476474772,
    -0.1154281377883023,
    -0.1252966004143937,
    -0.12171533703187111
  ],
  "udc_matrix": [
    [
      -0.46404406899683553,
      0.05307409836453641,
      0.10009473193884964,
      0.4483759279492922,
      -0.4857831531767689,
      0.07603296405961302,
      -0.10356297340961024,
      -0.277563799173219,
      -0.29724754482508065,
      -0.046827327532219874,
      -0.45502971206589193,
      -0.2092857621617864,
      -0.47523523297042636,
      -0.336553574292738,
      -0.451326578351273,
      0.0016397468579051786,
      -0.08851402792598957,
      -0.003251463990430874,
      -0.18322590833748392,
      0.05074541662091757,
      0.11250066231182658,
      -0.1690066008565998,
      -0.1211894735257714,
      0.10528499959406461,
      -0.17491586074167026,
      -0.1799968771590014,
      0.11867346954072709,
      0.07521308453706176,
      -0.14300959673941357,
      0.025043398670312866,
      -0.0942421736894689,
      -0.13278058779130364,
      -0.11420858423598713,
      0.023149028102318846
    ],
    [
      -0.5828105409580873,
      0.12978838223492786,
      0.11212842962686426,
      0.4551314345520556,
      -0.4476088806505754,
      0.11391033766508132,
      -0.11492544685749062,
      -0.2668462125953346,
      -0.2810472188502933,
      -0.05535462285365613,
      -0.5226614596254527,
      -0.19869988557564164,
      -0.47005982979866506,
      -0.32335425839499854,
      -0.4532836812421844,
      -0.025425197097381183,
      -0.12569890108556142,
      -0.10498702554251525,
      -0.20398281038361915,
      0.07298241236783622,
      0.20458037076456612,
      -0.1857579912435261,
      -0.031818476295919836,
      0.19004117030548762,
      -0.23474988152393864,
      -0.18596951182007593,
      0.09881630683955735,
      0.14922316362780824,
      -0.04142584561927414,
      -0.07726335488700467,
      -0.09592091046136464,
      -0.059253846094358534,
      -0.10945310747945743,
      0.1532539296280665
    ],
    [
      -0.6050152516725998,
      0.016489457759902675,
      0.01609205720576879,
      0.4214982787682323,
      -0.43522438382831174,
      -0.009480260696335209,
      -0.1026763249219881,
      -0.2742152415133843,
      -0.37358540349567215,
      -0.039262986033543446,
      -0.42059100128871746,
      -0.13654557669956435,
      -0.48131839549162997,
      -0.18885149087313116,
      -0.5082719894926065,
      -0.02283381224293373,
      -0.10679386958958685,
      -0.08790807338356603,
      -0.20087421767549393,
      0.08822623860974634,
      0.23466712222153072,
      -0.14120212225516604,
      -0.029490236864918855,
      0.14665580877782355,
      -0.20956877084543488,
      -0.17339589098045746,
      0.06465687362293568,
      0.2299800063962711,
      -0.0729190647690899,
      -0.12109205726831905,
      -0.10978052622297343,
      -0.013839657657421796,
      -0.14729181864381377,
      0.024145810194799625
    ],
    [
      -0.4056660042772432,
      0.018956475385057063,
      0.11570439061285169,
      0.3468760794475013,
      -0.4076318676332046,
      0.010855347556040484,
      -0.1081693074847032,
      -0.4072838626416766,
      -0.21734413590691204,
      -0.06571803512408929,
      -0.5351631989706177,
      -0.2155286125229857,
      -0.43818497795042366,
      -0.32502185151719043,
      -0.44603312657042576,
      -0.02050781724708319,
      -0.1012814355675455,
      -0.0861277849000545,
      -0.20268952154282696,
      0.05370998108869408,
      0.1858740392434753,
      -0.20798606504522069,
      -0.03206639173250627,
      0.1776049594604794,
      -0.20929225171730717,
      -0.10845010433747714,
      0.011034619358011071,
      0.11033529566003608,
      -0.10022887264612804,
      -0.050405641065864336,
      -0.08601025667110383,
      -0.16018850082981306,
      -0.11844768258143179,
      0.11542217667026532
    ],
    [
      -0.5648676639813432,
      0.11371908378733772,
      0.058066840554980105,
      0.35674822385584637,
      -0.45849982288585417,
      0.07111934030777152,
      -0.0994646704063728,
      -0.3251320117061051,
      -0.29039807004499196,
      0.00016511394295675954,
      -0.5450099667678332,
      -0.25543218999512624,
      -0.3980108093460785,
      -0.25799571833400253,
      -0.46664341927632336,
      -0.03016081951209542,
      -0.08855314837546834,
      -0.07748273255299479,
      -0.23839954005566671,
      0.09294190959524619,
      0.15354677058552524,
      -0.16953371984462476,
      -0.10604853683837115,
      0.11172533194525062,
      -0.22032891214331288,
      -0.20066477175526434,
      0.11213424664874737,
      0.16731667718104457,
      -0.18644285003252392,
      -0.06154657843155116,
      -0.0764235309855636,
      0.014199001750153836,
      -0.08900865452998545,
      0.029808912844315735
    ],
    [
      -0.47234338959358585,
      -0.01611594343909531,
      0.07598104812391406,
      0.35617486351898553,
      -0.4536415608667826,
      0.03334968287417317,
      -0.06021623692201225,
      -0.3369312988163864,
      -0.30573017140946585,
      -0.012683090761071558,
      -0.524638154172726,
      -0.27441172255274654,
      -0.48510448600404943,
      -0.3398901654200623,
      -0.4443090984560603,
      -0.026417316173745313,
      -0.11443021880878002,
      -0.05189867401972244,
      -0.1737423632729138,
      0.0645743336121219,
      0.12605985313903817,
      -0.14025442523370366,
      -0.11119670764001668,
      0.07388422607852571,
      -0.22301890199899962,
      -0.08317216247514846,
      0.07042645705483185,
      0.10032075598245054,
      -0.11273340549482595,
      -0.05768748705566975,
      -0.10932316629753493,
      -0.12701779080831538,
      -0.13157712857093756,
      0.02762943179093094
    ],
    [
      -0.5191194845653577,
      0.073847956346969,
      0.12770550755750118,
      0.41032150611836826,
      -0.4768553896385296,
      0.08341600417846415,
      -0.12042499643370104,
      -0.3503548175833008,
      -0.3294179975625077,
      -0.015138379223539623,
      -0.5134601397769952,
      -0.23521712221616858,
      -0.4958023994130038,
      -0.3068339519925205,
      -0.4620992066989171,
      -0.020868920335270068,
      -0.13250352042121438,
      -0.12636803678286546,
      -0.1841821950524848,
      0.06718129548870483,
      0.12771946821595678,
      -0.16051081820899907,
      -0.09639435151387633,
      0.0519333919454838,
      -0.1667881865239782,
      -0.0967005168869368,
      0.06597030304496883,
      0.02707834659906426,
      -0.10802220578282004,
      -0.03262770573801222,
      -0.09780228168467484,
      -0.05704236385239868,
      -0.16663943324114133,
      0.09767918255011449
    ]
  ],
  "tle_scalar": 1.401038646278742,